[
  {
    "id": "5775b2f4-b5c8-4149-9c4f-90f461964e59",
    "data": [
      {
        "text": "my name is ",
        "userDefined": false
      },
      {
        "text": "naomi",
        "meta": "@sys.person",
        "alias": "Person",
        "userDefined": true
      }
    ],
    "isTemplate": false,
    "count": 0,
    "lang": "es",
    "updated": 0
  },
  {
    "data": [
      {
        "text": "perro",
        "meta": "@sys.person",
        "alias": "Person",
        "userDefined": false
      }
    ],
    "isTemplate": false,
    "count": 0,
    "lang": "es",
    "updated": 0
  },
  {
    "data": [
      {
        "text": "Fabian",
        "meta": "@sys.person",
        "alias": "Person",
        "userDefined": false
      }
    ],
    "isTemplate": false,
    "count": 1,
    "lang": "es",
    "updated": 0
  },
  {
    "data": [
      {
        "text": "Red",
        "meta": "@sys.person",
        "alias": "Person",
        "userDefined": false
      }
    ],
    "isTemplate": false,
    "count": 1,
    "lang": "es",
    "updated": 0
  },
  {
    "data": [
      {
        "text": "Jojo",
        "meta": "@sys.person",
        "alias": "Person",
        "userDefined": false
      }
    ],
    "isTemplate": false,
    "count": 0,
    "lang": "es",
    "updated": 0
  }
]