[
  {
    "id": "bc7f4a2a-f501-4f91-97ff-2e91793424c2",
    "data": [
      {
        "text": " ",
        "userDefined": false
      },
      {
        "text": "Blue",
        "meta": "@sys.color",
        "alias": "color",
        "userDefined": true
      }
    ],
    "isTemplate": false,
    "count": 0,
    "lang": "es",
    "updated": 0
  },
  {
    "data": [
      {
        "text": "blue",
        "meta": "@sys.color",
        "alias": "color",
        "userDefined": false
      }
    ],
    "isTemplate": false,
    "count": 1,
    "lang": "es",
    "updated": 0
  },
  {
    "data": [
      {
        "text": "white",
        "meta": "@sys.color",
        "alias": "color",
        "userDefined": false
      }
    ],
    "isTemplate": false,
    "count": 0,
    "lang": "es",
    "updated": 0
  },
  {
    "data": [
      {
        "text": "Blue",
        "meta": "@sys.color",
        "alias": "color",
        "userDefined": false
      }
    ],
    "isTemplate": false,
    "count": 1,
    "lang": "es",
    "updated": 0
  }
]